metric1,metric2,correlation,p-value,signficant
radii,api_magnitude,0.47572623234038763,1.4885711548122017e-57,True
theta,api_score,0.8619377946854673,2.353879993660893e-296,True
label,theta,0.835727875706469,8.856476153969787e-262,True
label,api_score,0.8314825206309602,9.378455644731709e-257,True
